{
    "model": {
        "type": "select",
        "property": "minecraft:custom_model_data",
        "fallback": {
            "type": "minecraft:model",
            "model": "minecraft:item/music_disc_11"
        },
        "cases": [
            {
                "when": "fox_treat",
                "model": {
                    "type": "minecraft:model",
                    "model": "foxpet:item/fox_treat"
                }
            },
            {
                "when": "fox_whistle",
                "model": {
                    "type": "minecraft:model",
                    "model": "foxpet:item/fox_whistle"
                }
            }
        ]
    }
}